Tspace,Cgg,Cdg,Ilow ,Ihigh,Ieff,Cin,Cout,Ceff,Ceff with load,Tau,Tau with load
2,1.08E-15,2.95E-16,0.000347,0.000934,0.0006405,3.24E-15,8.85E-16,5.01E-15,1.0501E-13,3.91E-12,8.20E-11
6,1.09E-15,2.25E-16,0.0002041,0.0007684,0.0006405,3.24E-15,8.85E-16,5.01E-15,1.0501E-13,3.91E-12,8.20E-11
10,1.18E-15,2.06E-16,0.0001378,0.0006881,0.00048625,3.27E-15,6.75E-16,4.62E-15,1.0462E-13,4.75E-12,1.08E-10
14,1.02E-15,1.49E-16,8.85E-05,5.89E-04,0.00041295,3.54E-15,6.18E-16,4.776E-15,1.04776E-13,5.78E-12,1.27E-10
18,9.81E-16,1.45E-16,3.83E-05,4.98E-04,0.00033875,3.06E-15,4.47E-16,3.954E-15,1.03954E-13,5.84E-12,1.53E-10
22,9.26E-16,1.41E-16,1.95E-05,4.48E-04,0.00026815,2.94E-15,4.35E-16,3.813E-15,1.03813E-13,7.11E-12,1.94E-10
26,6.55E-16,1.16E-16,1.96E-05,3.18E-04,0.00023375,2.78E-15,4.23E-16,3.624E-15,1.03624E-13,7.75E-12,2.22E-10
30,4.30E-16,9.96E-17,7.83E-06,1.31E-04,0.0001688,1.97E-15,3.48E-16,2.661E-15,1.02661E-13,7.88E-12,3.04E-10
