Tspace,Cgg,Cdg,Ilow ,Ihigh,Ieff,Cin,Cout,Ceff,Ceff with load,Tau,Tau with load
2,1.08E-15,2.61E-16,0.0002011,0.0007861,0.0004936,3.24E-15,7.83E-16,4.806E-15,1.04806E-13,4.87E-12,1.06E-10
6,1.08E-15,1.93E-16,0.0001352,0.000692,0.0004936,3.24E-15,7.83E-16,4.806E-15,1.04806E-13,4.87E-12,1.06E-10
10,1.16E-15,1.95E-16,9.86E-05,6.41E-04,0.0004136,3.24E-15,5.79E-16,4.398E-15,1.04398E-13,5.32E-12,1.26E-10
14,9.47E-16,1.44E-16,3.26E-05,5.10E-04,0.0003698,3.48E-15,5.85E-16,4.65E-15,1.0465E-13,6.29E-12,1.41E-10
18,9.22E-16,1.44E-16,2.41E-05,4.74E-04,0.0002713,2.84E-15,4.32E-16,3.705E-15,1.03705E-13,6.83E-12,1.91E-10
22,8.58E-16,1.38E-16,1.79E-05,4.23E-04,0.00024905,2.77E-15,4.32E-16,3.63E-15,1.0363E-13,7.29E-12,2.08E-10
26,5.22E-16,1.04E-16,1.20E-05,1.97E-04,0.00022045,2.57E-15,4.14E-16,3.402E-15,1.03402E-13,7.72E-12,2.35E-10
30,4.30E-16,9.95E-17,7.83E-06,1.31E-04,0.0001045,1.57E-15,3.12E-16,2.19E-15,1.0219E-13,1.05E-11,4.89E-10
